set SCHEMA 'sptransp';

delete FROM ST_DESTINATION;
delete FROM ST_GOODS;
delete FROM ST_DEPARTMENT;
delete FROM ST_PROFILE_ROLE;
--delete FROM ST_PROFILE;

-- DESTINATIONS
INSERT INTO ST_DESTINATION(ID, NAME, CODE) VALUES (1, 'Earth', 'EARTH');
INSERT INTO ST_DESTINATION(ID, NAME, CODE) VALUES (2, 'Moon', 'MOON');
INSERT INTO ST_DESTINATION(ID, NAME, CODE) VALUES (3, 'Mars', 'MARS');
INSERT INTO ST_DESTINATION(ID, NAME, CODE) VALUES (4, 'Titan', 'TITAN');

-- GOODS
INSERT INTO ST_GOODS(ID, NAME, CODE) VALUES (1, 'Oil', 'OIL');
INSERT INTO ST_GOODS(ID, NAME, CODE) VALUES (2, 'Food', 'FOOD');
INSERT INTO ST_GOODS(ID, NAME, CODE) VALUES (3, 'Machine tool', 'MACHINE_TOOL');
INSERT INTO ST_GOODS(ID, NAME, CODE) VALUES (4, 'Medicine', 'MEDICINE');
INSERT INTO ST_GOODS(ID, NAME, CODE) VALUES (5, 'Weapon', 'WEAPON');

-- DEPARTMENTS
INSERT INTO ST_DEPARTMENT(ID, NAME, CODE) VALUES (1, 'Law compliance', 'LAW_COMPLIANCE');
INSERT INTO ST_DEPARTMENT(ID, NAME, CODE) VALUES (2, 'Shuttle compliance', 'SHUTTLE_COMPLIANCE');
INSERT INTO ST_DEPARTMENT(ID, NAME, CODE) VALUES (3, 'Good inspection', 'GOOD_INSPECTION');
INSERT INTO ST_DEPARTMENT(ID, NAME, CODE) VALUES (4, 'Journey supervision', 'JOURNEY_SUPERVISION');
INSERT INTO ST_DEPARTMENT(ID, NAME, CODE) VALUES (5, 'Human resources', 'HR');

-- PROFILES
/*
INSERT INTO ST_PROFILE(PROFILE) VALUES('CUSTOMER');
INSERT INTO ST_PROFILE(PROFILE) VALUES('ALL');
INSERT INTO ST_PROFILE(PROFILE) VALUES('AGREEMENT_VISA_APPLIER');
INSERT INTO ST_PROFILE(PROFILE) VALUES('RULE_WRITER');
INSERT INTO ST_PROFILE(PROFILE) VALUES('HR_READER');
INSERT INTO ST_PROFILE(PROFILE) VALUES('HR_WRITER');
*/

-- ROLE-PROFILE ASSOCIATIONS
INSERT INTO ST_PROFILE_ROLE(USER_PROFILE, USER_ROLE) VALUES ('CUSTOMER', 'CUSTOMER');
INSERT INTO ST_PROFILE_ROLE(USER_PROFILE, USER_ROLE) VALUES ('ALL', 'EMPLOYEE_LIST_READER');
INSERT INTO ST_PROFILE_ROLE(USER_PROFILE, USER_ROLE) VALUES ('ALL', 'EMPLOYEE_WRITER');
INSERT INTO ST_PROFILE_ROLE(USER_PROFILE, USER_ROLE) VALUES ('ALL', 'RULE_READER');
INSERT INTO ST_PROFILE_ROLE(USER_PROFILE, USER_ROLE) VALUES ('ALL', 'RULE_WRITER');
INSERT INTO ST_PROFILE_ROLE(USER_PROFILE, USER_ROLE) VALUES ('ALL', 'AGREEMENT_VISA_APPLIER');
INSERT INTO ST_PROFILE_ROLE(USER_PROFILE, USER_ROLE) VALUES ('ALL', 'REQUEST_READER');
INSERT INTO ST_PROFILE_ROLE(USER_PROFILE, USER_ROLE) VALUES ('AGREEMENT_VISA_APPLIER', 'RULE_READER');
INSERT INTO ST_PROFILE_ROLE(USER_PROFILE, USER_ROLE) VALUES ('AGREEMENT_VISA_APPLIER', 'AGREEMENT_VISA_APPLIER');
INSERT INTO ST_PROFILE_ROLE(USER_PROFILE, USER_ROLE) VALUES ('AGREEMENT_VISA_APPLIER', 'REQUEST_READER');
INSERT INTO ST_PROFILE_ROLE(USER_PROFILE, USER_ROLE) VALUES ('RULE_WRITER', 'RULE_READER');
INSERT INTO ST_PROFILE_ROLE(USER_PROFILE, USER_ROLE) VALUES ('RULE_WRITER', 'RULE_WRITER');
INSERT INTO ST_PROFILE_ROLE(USER_PROFILE, USER_ROLE) VALUES ('RULE_WRITER', 'REQUEST_READER');
INSERT INTO ST_PROFILE_ROLE(USER_PROFILE, USER_ROLE) VALUES ('HR_READER', 'EMPLOYEE_LIST_READER');
INSERT INTO ST_PROFILE_ROLE(USER_PROFILE, USER_ROLE) VALUES ('HR_WRITER', 'EMPLOYEE_LIST_READER');
INSERT INTO ST_PROFILE_ROLE(USER_PROFILE, USER_ROLE) VALUES ('HR_WRITER', 'EMPLOYEE_WRITER');